
<rules>
  <service log="true">
    <component-filter name="in.startv.hotstar.dplus.tv/com.evernote.android.job.v14.PlatformAlarmService" />
    <component-filter name="com.goplay.sport/com.google.android.gms.measurement.AppMeasurementJobService" />
    <component-filter name="in.startv.hotstar.dplus.tv/com.evernote.android.job.gcm.PlatformGcmService" />
    <component-filter name="com.goplay.sport/com.google.android.gms.auth.api.signin.RevocationBoundService" />
    <component-filter name="cm.aptoidetv.pt/.settings.account.service.AccountAuthenticatorService" />
    <component-filter name="iflix.play/com.google.android.gms.measurement.AppMeasurementJobService" />
    <component-filter name="in.startv.hotstar.dplus.tv/com.evernote.android.job.v21.PlatformJobService" />
    <component-filter name="com.yacinenew.tv21.alpha/com.google.android.datatransport.runtime.scheduling.jobscheduling.JobInfoSchedulerService" />
    <component-filter name="com.netflix.mediaclient/.service.job.NetflixJobService" />
    <component-filter name="in.startv.hotstar.dplus.tv/androidx.work.impl.background.systemjob.SystemJobService" />
    <component-filter name="in.startv.hotstar.dplus.tv/com.google.android.datatransport.runtime.scheduling.jobscheduling.JobInfoSchedulerService" />
    <component-filter name="com.yacinenew.tv21.alpha/com.google.android.gms.analytics.AnalyticsJobService" />
    <component-filter name="iflix.play/com.google.firebase.messaging.FirebaseMessagingService" />
    <component-filter name="com.spotify.tv.android/.service.SpotifyMediaBrowseService" />
    <component-filter name="iflix.play/com.leanplum.LeanplumLocalPushListenerService" />
    <component-filter name="iflix.play/com.google.android.datatransport.runtime.scheduling.jobscheduling.JobInfoSchedulerService" />
    <component-filter name="iflix.play/androidx.work.impl.background.systemjob.SystemJobService" />
    <component-filter name="iflix.play/my.com.iflix.mobile.push.FirebaseService" />
    <component-filter name="com.liskovsoft.videomanager/com.liskovsoft.leanbackassistant.channels.SynchronizeDatabaseJobService" />
    <component-filter name="com.spotify.tv.android/com.google.android.gms.measurement.AppMeasurementJobService" />
    <component-filter name="jackpal.androidterm/.TermService" />
    <component-filter name="com.goplay.sport/com.google.android.datatransport.runtime.scheduling.jobscheduling.JobInfoSchedulerService" />
    <component-filter name="com.goplay.sport/com.google.firebase.messaging.FirebaseMessagingService" />
    <component-filter name="iflix.play/com.google.android.gms.auth.api.signin.RevocationBoundService" />
    <component-filter name="in.startv.hotstar.dplus.tv/com.google.android.gms.measurement.AppMeasurementJobService" />
    <component-filter name="com.rampage.nontondwtv/com.startapp.android.publish.common.metaData.PeriodicJobService" />
    <component-filter name="com.yacinenew.tv21.alpha/com.google.firebase.messaging.FirebaseMessagingService" />
    <component-filter name="cm.aptoidetv.pt/com.google.android.gms.auth.api.signin.RevocationBoundService" />
    <component-filter name="com.estrongs.android.pop.pro/com.estrongs.android.pop.bt.OBEXFtpServerService" />
    <component-filter name="in.startv.hotstar.dplus.tv/com.evernote.android.job.JobRescheduleService" />
    <component-filter name="iflix.play/com.google.android.play.core.assetpacks.AssetPackExtractionService" />
    <intent-filter>
      <action name="com.google.firebase.MESSAGING_EVENT" />
    </intent-filter>
    <or>
      <sender type="system" />
      <not>
        <sender type="userId" />
      </not>
    </or>
  </service>
  <broadcast log="true">
    <component-filter name="com.yacinenew.tv21.alpha/com.google.firebase.iid.FirebaseInstanceIdReceiver" />
    <component-filter name="com.liskovsoft.videomanager/com.liskovsoft.smartyoutubetv.receivers.ClearCacheReceiver" />
    <component-filter name="com.android.providers.contacts/.ContactsUpgradeReceiver" />
    <component-filter name="com.estrongs.android.pop.pro/com.baidu.share.message.ShareReceiver" />
    <component-filter name="com.estrongs.android.pop.pro/com.estrongs.android.pop.app.AudioPlayerService$MediaButtonReceiver" />
    <component-filter name="in.startv.hotstar.dplus.tv/in.startv.hotstar.receivers.BootCompletedReceiver" />
    <component-filter name="com.netflix.mediaclient/.service.mdx.RemoteControlClientManager$MediaButtonIntentHandlerProxy" />
    <component-filter name="in.startv.hotstar.dplus.tv/androidx.work.impl.diagnostics.DiagnosticsReceiver" />
    <component-filter name="cm.aptoidetv.pt/.receivers.CheckAppsForUploadReceiver" />
    <component-filter name="in.startv.hotstar.dplus.tv/com.google.android.gms.measurement.AppMeasurementInstallReferrerReceiver" />
    <component-filter name="com.android.providers.contacts/.PackageIntentReceiver" />
    <component-filter name="com.spotify.tv.android/com.google.firebase.iid.FirebaseInstanceIdReceiver" />
    <component-filter name="iflix.play/my.com.iflix.downloads.BootCompletedReceiver" />
    <component-filter name="com.estrongs.android.pop.pro/com.estrongs.android.pop.app.CampaignReceiver" />
    <component-filter name="com.rampage.nontondwtv/com.startapp.android.publish.common.metaData.BootCompleteListener" />
    <component-filter name="in.startv.hotstar.dplus.tv/com.google.firebase.iid.FirebaseInstanceIdReceiver" />
    <component-filter name="me.kuder.diskinfo.pro/me.kuder.diskinfo.widget.DiskInfoWidget" />
    <component-filter name="com.netflix.mediaclient/.service.pushnotification.NotificationReceiver" />
    <component-filter name="com.goplay.sport/com.google.android.gms.measurement.AppMeasurementInstallReferrerReceiver" />
    <component-filter name="iflix.play/androidx.work.impl.diagnostics.DiagnosticsReceiver" />
    <component-filter name="iflix.play/my.com.iflix.mobile.ReferrerReceiver" />
    <component-filter name="com.spotify.tv.android/.service.SpotifyTVService$BootStarter" />
    <component-filter name="com.goplay.sport/com.google.firebase.iid.FirebaseInstanceIdReceiver" />
    <component-filter name="cm.aptoidetv.pt/.remoteinstall.WifiListener" />
    <component-filter name="iflix.play/my.com.iflix.home.UpgradeReceiver" />
    <component-filter name="cm.aptoidetv.pt/com.aptoide.appusage.AppInstallationManager$InstallationReceiver" />
    <component-filter name="com.netflix.mediaclient/.InstallReferrerReceiver" />
    <component-filter name="com.estrongs.android.pop.pro/com.estrongs.android.pop.app.InstallMonitorReceiver" />
    <component-filter name="com.netflix.mediaclient/.service.job.NetworkChangeReceiver" />
    <component-filter name="com.netflix.mediaclient/com.google.android.gcm.GCMBroadcastReceiver" />
    <component-filter name="iflix.play/my.com.iflix.core.utils.DeviceLocaleChangeReceiver" />
    <component-filter name="dp.ws.popcorntime/se.popcorn_time.base.api.AppApiReceiver" />
    <component-filter name="com.spotify.tv.android/.util.RemoteControlReceiver" />
    <component-filter name="com.netflix.mediaclient/.service.pservice.PServiceWidgetProvider" />
    <component-filter name="com.estrongs.android.pop.pro/com.estrongs.android.pop.EnableOEMConfig" />
    <component-filter name="com.liskovsoft.videomanager/com.liskovsoft.leanbackassistant.channels.RunOnInstallReceiver" />
    <component-filter name="com.spotify.tv.android/com.google.android.gms.measurement.AppMeasurementInstallReferrerReceiver" />
    <component-filter name="dp.ws.popcorntime/se.popcorn_time.base.receiver.ConnectivityReceiver" />
    <component-filter name="iflix.play/my.com.iflix.downloads.DownloadExpirationReceiver" />
    <component-filter name="com.android.providers.contacts/.PhoneAccountRegistrationReceiver" />
    <component-filter name="in.startv.hotstar.dplus.tv/in.startv.hotstar.CapabilityRequestReceiver" />
    <component-filter name="com.android.providers.contacts/.LocaleChangeReceiver" />
    <component-filter name="com.netflix.mediaclient/.ui.profiles.RestrictedProfilesReceiver" />
    <component-filter name="com.netflix.mediaclient/.service.user.PartnerReceiver" />
    <component-filter name="iflix.play/com.google.firebase.iid.FirebaseInstanceIdReceiver" />
    <component-filter name="com.estrongs.android.pop.pro/com.estrongs.android.pop.app.StartServiceReceiver" />
    <intent-filter />
    <or>
      <sender type="system" />
      <not>
        <sender type="userId" />
      </not>
    </or>
  </broadcast>
  <broadcast block="true">
    <intent-filter>
      <action name="com.oasisfeng.greenify.action.SELF_CHECK" />
    </intent-filter>
  </broadcast>
</rules>