<?xml version='1.0' encoding='utf-8' standalone='yes' ?>
<map>
    <string name="xyz.gl.moviein">1605862933902,Woken,0,1000,service,xyz.gl.moviein/com.appnext.base.services.OperationJobService,#Intent;component=xyz.gl.moviein/com.appnext.base.services.OperationJobService;end</string>
    <string name="com.gilzcleaner.app">1593623845332,Woken,0,-1,activity,com.gilzcleaner.app/com.rambooster.ram.ramcleanes.MainActivity</string>
    <string name="com.wajabae.boneandroidtv">1605861285282,Woken,0,-1,activity,com.wajabae.boneandroidtv/.SplashScreenActivity</string>
    <string name="com.vidio.android.tv">1420072259727,Woken,0,-1,activity,com.vidio.android.tv/.splashscreen.SplashScreenActivity</string>
    <string name="me.kuder.diskinfo.pro">1593624000729,Woken,0,1000,broadcast,me.kuder.diskinfo.pro/me.kuder.diskinfo.widget.DiskInfoWidget,#Intent;action=android.appwidget.action.APPWIDGET_ENABLED;component=me.kuder.diskinfo.pro/me.kuder.diskinfo.widget.DiskInfoWidget;end</string>
    <string name="com.goplay.sport">1607007718205,Woken,0,-1,activity,com.goplay.sport/.activity.SplashActivity</string>
    <string name="mark.via.gp">1605861825840,Woken,0,-1,activity,mark.via.gp/mark.via.ui.activity.BrowserActivity</string>
    <string name="com.estrongs.android.pop.pro">1607511985192,Woken,0,-1,activity,com.estrongs.android.pop.pro/com.estrongs.android.pop.view.FileExplorerActivity</string>
    <string name="com.netflix.mediaclient">1605861266603,Woken,0,-1,activity,com.netflix.mediaclient/.ui.launch.UIWebViewActivity</string>
    <string name="id.nf21.rbn1">1420070459441,Woken,0,-1,activity,id.nf21.rbn1/.activities.Splash</string>
    <string name="com.dutafilm.online">1606996474265,Woken,0,-1,activity,com.dutafilm.online/.MainActivity</string>
    <string name="com.yacinenew.tv21.alpha">1606988055445,Woken,0,-1,activity,com.yacinenew.tv21.alpha/dev.pankaj.yacinetv.tvui.splash.SplashActivity</string>
    <string name="iflix.play">1607510279521,Woken,0,-1,activity,iflix.play/my.com.iflix.mobile.ui.SplashActivity</string>
    <string name="de.eye_interactive.atvl.boneandroidtv">1605861284144,Woken,0,-1,activity,de.eye_interactive.atvl.boneandroidtv/.MainActivity</string>
    <string name="dp.ws.popcorntime">1606996440887,Woken,0,-1,activity,dp.ws.popcorntime/se.popcorn_time.mobile.ui.MainActivity</string>
    <string name="com.niklabs.pp">1605864578032,Woken,0,-1,activity,com.niklabs.pp/com.niklabs.perfectplayer.MainActivity</string>
    <string name="cm.aptoidetv.pt">1607009787832,Woken,0,-1,broadcast,cm.aptoidetv.pt/.receivers.CheckAppsForUploadReceiver</string>
</map>
