<?xml version='1.0' encoding='utf-8' standalone='yes' ?>
<map>
    <string name="health_monitor:value">2WC13001:Callable skipped the worker queue.</string>
    <string name="gmp_app_id">1:200242606085:android:5167a265c85e6198</string>
    <string name="app_instance_id">2f3ce4314024dfff18dd2e00c8a5f5ef</string>
    <long name="time_active" value="2572" />
    <boolean name="has_been_opened" value="true" />
    <long name="first_open_time" value="1420070547897" />
    <long name="health_monitor:count" value="4" />
    <boolean name="deferred_analytics_collection" value="false" />
    <long name="last_upload_attempt" value="1608820785776" />
    <boolean name="use_service" value="false" />
    <long name="health_monitor:start" value="1608812531261" />
    <long name="midnight_offset" value="28509336" />
    <long name="last_pause_time" value="1608818974717" />
    <long name="last_upload" value="1608818972025" />
    <string name="previous_os_version">6.0.1</string>
    <boolean name="start_new_session" value="false" />
</map>
