<?xml version='1.0' encoding='utf-8' standalone='yes' ?>
<map>
    <set name="package:com.netflix.mediaclient">
        <string>ignore=true</string>
        <string>label=Netflix</string>
    </set>
    <set name="package:com.zte.iptvclient.android.idmnc">
        <string>label=MNC Now</string>
    </set>
    <set name="package:org.xbmc.kodi">
        <string>label=Kodi</string>
    </set>
    <boolean name="migrationDone" value="true" />
    <set name="package:com.liskovsoft.videomanager.kids">
        <string>label=Kids YouTube TV</string>
    </set>
    <set name="package:de.eye_interactive.atvl.boneandroidtv">
        <string>label=Bone Android TV</string>
        <string>ignore=true</string>
    </set>
    <set name="package:com.redstream.app">
        <string>label=RedBoxTV</string>
    </set>
    <set name="package:com.player.zaltv">
        <string>label=ZalTV</string>
    </set>
    <set name="package:com.ams.reboot">
        <string>label=Reboot</string>
    </set>
    <set name="package:com.iptv.dunia">
        <string>label=IPTV - TV Live World</string>
    </set>
    <set name="package:com.niklabs.pp">
        <string>label=Perfect Player</string>
        <string>ignore=true</string>
    </set>
    <set name="package:de.eye_interactive.atvl.xedin">
        <string>label=Xedin</string>
        <string>ignore=true</string>
    </set>
    <set name="package:com.speedsoftware.rootexplorer">
        <string>label=Root Explorer</string>
    </set>
    <set name="package:com.rampage.nontondwtv">
        <string>label=Novie TV</string>
        <string>ignore=true</string>
    </set>
    <set name="package:de.eye_interactive.atvl.dutafilm">
        <string>label=Dutafilm</string>
        <string>ignore=true</string>
    </set>
    <set name="package:id.nf21.rbn1">
        <string>label=NF21</string>
        <string>ignore=true</string>
    </set>
    <set name="package:com.vidio.android.tv">
        <string>label=Vidio</string>
    </set>
    <set name="package:com.dutafilm.nonton_indoxxi">
        <string>label=Nonton Indoxxi 2020</string>
        <string>ignore=true</string>
    </set>
    <set name="package:com.gilzcleaner.app">
        <string>label=Cleaner</string>
    </set>
    <set name="package:com.android.providers.contacts">
        <string>label=Contacts Storage</string>
        <string>ignore=true</string>
    </set>
    <set name="package:de.eye_interactive.atvl.assistant">
        <string>label=Assistant</string>
    </set>
    <set name="package:jackpal.androidterm">
        <string>label=Terminal Emulator</string>
        <string>ignore=true</string>
    </set>
    <set name="package:xyz.gl.moviein">
        <string>label=F21 : Nonton film</string>
        <string>ignore=true</string>
    </set>
    <set name="package:mark.via.gp">
        <string>label=Via</string>
    </set>
    <set name="package:com.aurora.store">
        <string>label=Aurora Store</string>
        <string>ignore=true</string>
    </set>
    <set name="package:com.cybermedia.cyberflx">
        <string>label=CyberFlix TV</string>
        <string>ignore=true</string>
    </set>
    <set name="package:com.google.android.syncadapters.contacts">
        <string>label=Google Contacts Sync</string>
    </set>
    <set name="package:com.google.android.tts">
        <string>label=Google Text-to-speech Engine</string>
    </set>
    <set name="package:iflix.play">
        <string>ignore=true</string>
        <string>label=iflix</string>
    </set>
    <set name="package:com.yacinenew.tv21.alpha">
        <string>label=Yacine TV</string>
        <string>ignore=true</string>
    </set>
    <set name="package:com.viki.android">
        <string>label=Viki</string>
    </set>
    <set name="package:com.spotify.tv.android">
        <string>label=Spotify</string>
    </set>
    <set name="package:com.cmcm.cleanmaster.tv">
        <string>label=cleanXperience</string>
    </set>
    <set name="package:com.cybersoft.bodadi">
        <string>label=Bodadi</string>
        <string>ignore=true</string>
    </set>
    <set name="package:com.dutafilm.online">
        <string>label=Dutafilm</string>
        <string>ignore=true</string>
    </set>
    <set name="package:com.dv.adm.pay">
        <string>label=ADM Pro</string>
    </set>
    <set name="package:ru.FqjhopZP.lZVUCOfBR">
        <string>label=Luckу`Patchеr  </string>
    </set>
    <set name="package:com.estrongs.android.pop.pro">
        <string>label=ES File Explorer Pro</string>
        <string>ignore=true</string>
    </set>
    <set name="package:in.startv.hotstar.dplus.tv">
        <string>label=Disney+</string>
        <string>ignore=true</string>
    </set>
    <set name="package:com.wajabae.boneandroidtv">
        <string>label=Bone Android TV</string>
        <string>ignore=true</string>
    </set>
    <set name="package:com.nordvpn.android">
        <string>label=NordVPN</string>
    </set>
    <set name="package:me.kuder.diskinfo.pro">
        <string>label=DiskInfo PRO</string>
        <string>ignore=true</string>
    </set>
    <set name="package:com.wDutafilm_9052710">
        <string>label=Dutafilm</string>
        <string>ignore=true</string>
    </set>
    <set name="package:com.myanimetv.org.dubbed">
        <string>label=AnimeKisa TV</string>
        <string>ignore=true</string>
    </set>
    <set name="package:com.wajabae.bonesmarttv">
        <string>label=Bone Smart TV</string>
        <string>ignore=true</string>
    </set>
    <set name="package:com.rumahtech.streamtv">
        <string>label=LIVE TV</string>
        <string>ignore=true</string>
    </set>
    <set name="package:com.premiumnew.one">
        <string>label=Vola Sports</string>
        <string>ignore=true</string>
    </set>
    <set name="package:dp.ws.popcorntime">
        <string>label=Popcorn Time</string>
        <string>ignore=true</string>
    </set>
    <set name="package:com.liskovsoft.videomanager">
        <string>label=Smart YouTube TV</string>
        <string>ignore=true</string>
    </set>
    <set name="package:cm.aptoidetv.pt">
        <string>label=Aptoide TV</string>
        <string>ignore=true</string>
    </set>
    <set name="package:com.android.launcher">
        <string>label=USeeTV</string>
        <string>ignore=true</string>
    </set>
    <set name="package:com.goplay.sport">
        <string>label=Sport88</string>
    </set>
    <set name="package:com.nbs.useetvstb">
        <string>label=UseeTVGO</string>
    </set>
    <set name="package:vi.tv.apps">
        <string>label=ViTV</string>
        <string>ignore=true</string>
    </set>
</map>
