<?xml version='1.0' encoding='utf-8' standalone='yes' ?>
<map>
    <int name="appsflyerConversionDataRequestRetries" value="0" />
    <int name="appsFlyerCount" value="2" />
    <long name="AppsFlyerTimePassedSincePrevLaunch" value="1593440613410" />
    <int name="versionCode" value="302438623" />
    <string name="AF_INSTALLATION">1420070563359-35302799143530270</string>
    <string name="appsFlyerFirstInstall">2020-06-29_142223+0000</string>
    <string name="savedProperties">{&quot;KSAppsFlyerId&quot;:&quot;1420070563359-35302799143530270&quot;,&quot;advertiserId&quot;:&quot;2e134441-904c-45b3-9fbc-ea35cd258045&quot;,&quot;uid&quot;:&quot;1420070563359-35302799143530270&quot;,&quot;KSAppsFlyerRICounter&quot;:&quot;0&quot;,&quot;AppsFlyerKey&quot;:&quot;nscUZrAu9eKGC8WxxnZrk7&quot;,&quot;advertiserIdEnabled&quot;:&quot;true&quot;}</string>
    <string name="androidIdCached">f054ec52f03c061</string>
</map>
