<?xml version='1.0' encoding='utf-8' standalone='yes' ?>
<map>
    <long name="first_open_time" value="1593440533581" />
    <long name="health_monitor:count" value="16" />
    <string name="health_monitor:value">2EC11910:Uploading is not possible. App measurement disabled</string>
    <long name="time_active" value="55193" />
    <long name="health_monitor:start" value="1593440533667" />
    <boolean name="has_been_opened" value="true" />
    <long name="last_pause_time" value="1593440668237" />
    <long name="last_upload" value="1593440533655" />
    <boolean name="start_new_session" value="false" />
</map>
