<?xml version='1.0' encoding='utf-8' standalone='yes' ?>
<map>
    <string name="iflix-trial-mobilenumber">number-stored-in-iflix::accountId_26379217</string>
    <string name="deviceId">ffffffff-ef05-ac4a-0000-00002b17f0eb</string>
    <string name="userId">26533408</string>
    <string name="iflix-preferred-language">en_US</string>
    <string name="iflix-parental-locale">mahesh.duleepkumar@iflix.com
    </string>
    <string name="iflix-trial-verifycount">1</string>
    <string name="git_sha">7b5560d</string>
    <string name="lastInteraction">Display BaseSupportFragment</string>
    <string name="globalUser">true</string>
    <string name="userEmail">ddbc6163-fc58-434b-87d1-c1101ae5bb02@2iflix.example.com</string>
    <string name="iflix-trial-verifydate">2019-09-04T07:27:07.931Z</string>
    <string name="userName">ddbc6163-fc58-434b-87d1-c1101ae5bb02@2iflix.example.com</string>
    <string name="iflix-trial-verifynumber">60136176441</string>
</map>
