{"pr":[],"ev":[],"he":{"o":"Android","st":0,"s":"23","sv":"6.0.1","k":"66667053bc","pt":"0-2","i":"","v":"3.7.4.61","sc":2,"a":1013,"n":"Pro 1.1.2","d":"","mc":"xzEbl7zZ6s9QsWD+CrjT0A==","bm":"hrMF78Ygu27dq4uMViOWBoHKTo00UsZTiyTPnsNIb18=","dd":"xzEbl7zZ6s9QsWD+CrjT0A==","ii":"SO182wMXT3slM38FJ31Wde\/FplryCrE0NkGprFWCzi1w23FlC9a8o8b3xRqg7St+","tg":2,"w":1014,"h":1920,"c":"Google Market","op":"","m":"B860H V1.1","ma":"Google","cl":"0_0_0","gl":"","l":"WIFI","t":1608914103303,"sq":0,"pn":"qb+TAVrut5Z+Kt5ElJxl1sypXh+9VrClQUMVS2TCx8k=","pl":""}}