<?xml version='1.0' encoding='utf-8' standalone='yes' ?>
<map>
    <boolean name="show_windows_button" value="true" />
    <boolean name="show_disk_remain" value="true" />
    <boolean name="clear_associate_folders_after_uninstall" value="true" />
    <boolean name="hide_toolbar" value="false" />
    <boolean name="close_notification" value="false" />
    <boolean name="use_xlarge_layout" value="false" />
    <boolean name="root_reported" value="true" />
    <boolean name="gesture_setting_enabled" value="false" />
    <boolean name="show_usb_prompt" value="false" />
    <boolean name="show_pcs_drive" value="true" />
    <boolean name="apk_icon_cahce_moved" value="true" />
    <boolean name="auto_app_backup" value="true" />
    <boolean name="root_auto_install" value="false" />
    <string name="theme_default">com.estrongs.android.pop.pro</string>
    <long name="last_statistics" value="1608914103221" />
    <boolean name="backup_app_cache" value="false" />
    <string name="es_tool_file_name">com.estrongs.android.pop.pro:raw/estool_arm_pie</string>
    <string name="language_setting">-1</string>
    <boolean name="history_dir_only" value="false" />
    <boolean name="ignore_inconsistent_sign_app" value="true" />
    <boolean name="show_select_button" value="false" />
    <boolean name="hidden_file" value="true" />
    <boolean name="show_sdcard_notification" value="false" />
    <boolean name="app_clean_history_exit" value="false" />
    <boolean name="toolbar_setting_show_name" value="true" />
    <boolean name="su" value="true" />
    <boolean name="show_disk_usage" value="true" />
    <int name="rightDrawerCurrentIndex" value="0" />
    <boolean name="auto_clear" value="true" />
    <boolean name="isUninitDocumentExtList" value="false" />
    <boolean name="scroll_thumb" value="true" />
    <string name="fex_version">1013</string>
    <boolean name="passwordencode" value="true" />
</map>
