<?xml version='1.0' encoding='utf-8' standalone='yes' ?>
<map>
    <string name="doc">doc</string>
    <string name="xls">xls</string>
    <string name="ppt">ppt</string>
    <string name="html">html</string>
    <string name="ppx">ppx</string>
    <string name="xla">xla</string>
    <string name="xlt">xlt</string>
    <string name="pptx">pptx</string>
    <string name="pdf">pdf</string>
    <string name="fb2">fb2</string>
    <string name="xlsx">xlsx</string>
    <string name="xlm">xlm</string>
    <string name="mobi">mobi</string>
    <string name="xlc">xlc</string>
    <string name="epub">epub</string>
    <string name="pps">pps</string>
    <string name="chm">chm</string>
    <string name="odp">odp</string>
    <string name="xlsb">xlsb</string>
    <string name="rtf">rtf</string>
    <string name="docx">docx</string>
    <string name="txt">txt</string>
    <string name="xlsm">xlsm</string>
    <string name="htm">htm</string>
</map>
