<?xml version='1.0' encoding='utf-8' standalone='yes' ?>
<map>
    <boolean name="pref_hide_episode_image" value="false" />
    <boolean name="pref_auto_check_in_trakt" value="true" />
    <boolean name="ttv_source" value="true" />
    <boolean name="choose_default_video_player_dialog_shown" value="true" />
    <string name="pref_choose_default_player">VLC</string>
    <boolean name="pref_filter_out_non_english_shows" value="false" />
    <boolean name="pref_auto_sync_watched_histories_on_startup_trakt" value="true" />
    <boolean name="pref_hide_recaptcha_verification_message" value="true" />
    <boolean name="pref_auto_mark_episode_as_watched" value="true" />
    <boolean name="pref_enable_new_movie_release_notification" value="true" />
    <boolean name="pref_auto_check_update" value="true" />
    <boolean name="pref_show_season_special" value="true" />
    <int name="pref_version" value="112" />
    <boolean name="pref_parallel_loading_sources" value="true" />
    <boolean name="pref_hide_poster_thumb" value="false" />
    <boolean name="pref_auto_backup_before_update" value="true" />
    <boolean name="pref_show_hd_sources_only" value="false" />
    <boolean name="pref_resolve_all_links_immediately" value="true" />
    <boolean name="is_nad_mech_enabled" value="true" />
    <boolean name="pref_filter_out_cam_version_links" value="true" />
    <boolean name="pref_sub_language_zh_tw" value="false" />
    <boolean name="pref_hide_unaired_episode" value="false" />
    <boolean name="pref_auto_add_watched_episode_trakt" value="true" />
    <boolean name="pref_hide_episode_synopsis" value="false" />
    <string name="google_acc"></string>
    <boolean name="pref_auto_add_favorite_trakt" value="true" />
    <boolean name="pref_force_tv_mode" value="true" />
    <boolean name="pref_hide_title_and_year_under_posters" value="false" />
    <boolean name="pref_sub_language_en" value="true" />
    <boolean name="pref_auto_resolve_hd_links_only" value="true" />
    <boolean name="is_buffering_tips_dialog_shown_112" value="true" />
    <int name="pref_choose_default_play_action" value="0" />
    <boolean name="pref_force_landscape_mode_on_tv" value="true" />
    <boolean name="pref_simple_scrolling_on_tv" value="true" />
    <boolean name="pref_sub_language_zh_cn" value="false" />
    <string name="pref_sub_language_international">English,Indonesian</string>
    <boolean name="pref_hide_unaired_season" value="false" />
    <boolean name="pref_enable_new_episode_notification" value="true" />
    <boolean name="pref_show_disclaimer" value="false" />
    <boolean name="bgsync_launch_next_online" value="false" />
    <boolean name="pref_modern_ui" value="true" />
</map>
