<?xml version='1.0' encoding='utf-8' standalone='yes' ?>
<map>
    <string name="app_instance_id">5753432964e8caa8651d46996e06db8e</string>
    <string name="health_monitor:value">2WC11910:Service invalid</string>
    <string name="gmp_app_id">1:05567251272:android:eb58728cb1213bba</string>
    <long name="time_active" value="1396" />
    <boolean name="has_been_opened" value="true" />
    <long name="first_open_time" value="1606993236588" />
    <long name="health_monitor:count" value="1" />
    <long name="health_monitor:start" value="1606993236660" />
    <long name="last_pause_time" value="1606996065764" />
    <long name="last_upload" value="1606993236653" />
    <boolean name="start_new_session" value="false" />
    <string name="previous_os_version">6.0.1</string>
</map>
