<?xml version='1.0' encoding='utf-8' standalone='yes' ?>
<map>
    <boolean name="pref_split_keyboard" value="false" />
    <string name="pref_keyboard_theme_20140509">4</string>
    <boolean name="pref_gesture_floating_preview_text" value="true" />
    <boolean name="pref_gesture_preview_trail" value="true" />
    <boolean name="pref_enable_emoji_alt_physical_key" value="true" />
    <boolean name="pref_key_use_personalized_dicts" value="true" />
    <boolean name="gesture_input" value="true" />
    <int name="last_shown_emoji_category_id" value="8" />
    <boolean name="pref_key_block_potentially_offensive" value="false" />
    <boolean name="pref_key_auto_correction" value="false" />
    <string name="emoji_recent_keys"></string>
    <boolean name="show_suggestions" value="true" />
    <boolean name="pref_key_use_contacts_dict" value="false" />
    <boolean name="next_word_prediction" value="true" />
</map>
