<?xml version='1.0' encoding='utf-8' standalone='yes' ?>
<map>
    <set name="silently_denied_requests" />
    <boolean name="tapjack" value="true" />
    <string name="config_default_access">grant</string>
    <long name="config_ADB shell_expire" value="0" />
    <string name="config_ADB shell_wait">-1</string>
    <string name="config_ADB shell_notify">parent</string>
    <boolean name="superuser" value="true" />
    <boolean name="config_default_enablemountnamespaceseparation" value="true" />
    <string name="config_ADB shell_log">parent</string>
    <int name="config_ADB shell_expireselect" value="-1" />
    <string name="config_ADB shell_forcegroups"></string>
    <boolean name="config_default_notify" value="true" />
    <int name="shown_follow" value="1" />
    <boolean name="freeload" value="false" />
    <string name="config_default_log">access</string>
    <int name="last_boot_version" value="282" />
    <boolean name="config_default_enablemultiuser" value="false" />
    <string name="locale"></string>
    <boolean name="refresh" value="true" />
    <boolean name="config_default_enableduringboot" value="false" />
    <string name="config_ADB shell_forceshell"></string>
    <boolean name="shown_backup" value="true" />
    <string name="config_default_logformat">31122359</string>
    <int name="config_ADB shell_forceuser" value="-1" />
    <boolean name="reauthenticate" value="false" />
    <string name="config_default_logage">3</string>
    <boolean name="config_default_trustsystem" value="false" />
    <string name="config_ADB shell_access">grant</string>
    <string name="config_default_wait">10</string>
</map>
