<?xml version='1.0' encoding='utf-8' standalone='yes' ?>
<map>
    <string name="app-widget-favorite-package-name-3">com.netflix.mediaclient</string>
    <string name="app-widget-favorite-icon-3">/data/user/0/ca.dstudio.atvlauncher.pro/files/images/icon_com.netflix.mediaclient_com.netflix.mediaclient.ui.launch.UIWebViewActivity.png</string>
    <string name="app-widget-favorite-name-3">com.netflix.mediaclient.ui.launch.UIWebViewActivity</string>
    <boolean name="app-widget-favorite-show-icon-3" value="false" />
    <string name="app-widget-favorite-title-3">Netflix</string>
</map>
